Country_Region,Date,Tests,Confirmed
Michigan,2020-03-14,41.0,7
Michigan,2020-03-15,409.0,41
Michigan,2020-03-16,409.0,41
Michigan,2020-03-17,409.0,41
Michigan,2020-03-18,409.0,41
Northwestern,2020-03-19,,7
Michigan,2020-03-19,409.0,41
Michigan,2020-03-20,409.0,41
Northwestern,2020-03-20,,7
Northwestern,2020-03-21,,7
Michigan,2020-03-21,409.0,41
Northwestern,2020-03-22,,7
Michigan,2020-03-22,662.0,81
Northwestern,2020-03-23,,7
Michigan,2020-03-23,662.0,81
Northwestern,2020-03-24,,7
Michigan,2020-03-24,662.0,81
Michigan,2020-03-25,662.0,81
Northwestern,2020-03-25,,7
Michigan,2020-03-26,662.0,81
Northwestern,2020-03-26,,7
Michigan,2020-03-27,662.0,81
Northwestern,2020-03-27,,8
Northwestern,2020-03-28,,8
Michigan,2020-03-28,662.0,81
Michigan,2020-03-29,815.0,101
Northwestern,2020-03-29,,8
Michigan,2020-03-30,815.0,101
Northwestern,2020-03-30,,8
Michigan,2020-03-31,815.0,101
Northwestern,2020-03-31,,8
Michigan,2020-04-01,815.0,101
Northwestern,2020-04-01,,8
Northwestern,2020-04-02,,8
Michigan,2020-04-02,815.0,101
Michigan,2020-04-03,815.0,101
Northwestern,2020-04-03,,10
Northwestern,2020-04-04,,10
Michigan,2020-04-04,815.0,101
Michigan,2020-04-05,934.0,110
Northwestern,2020-04-05,,10
Northwestern,2020-04-06,,10
Michigan,2020-04-06,934.0,110
Michigan,2020-04-07,934.0,110
Northwestern,2020-04-07,,10
Michigan,2020-04-08,934.0,110
Northwestern,2020-04-08,,10
Northwestern,2020-04-09,,10
Michigan,2020-04-09,934.0,110
Michigan,2020-04-10,934.0,110
Northwestern,2020-04-10,,15
Michigan,2020-04-11,934.0,110
Northwestern,2020-04-11,,15
Michigan,2020-04-12,1056.0,114
Northwestern,2020-04-12,,15
Michigan,2020-04-13,1056.0,114
Northwestern,2020-04-13,,15
Northwestern,2020-04-14,,15
Michigan,2020-04-14,1056.0,114
Northwestern,2020-04-15,,15
Michigan,2020-04-15,1056.0,114
Northwestern,2020-04-16,,15
Michigan,2020-04-16,1056.0,114
Northwestern,2020-04-17,,17
Michigan,2020-04-17,1056.0,114
Michigan,2020-04-18,1056.0,114
Northwestern,2020-04-18,,17
Michigan,2020-04-19,1214.0,119
Northwestern,2020-04-19,,17
Northwestern,2020-04-20,,17
Michigan,2020-04-20,1214.0,119
Northwestern,2020-04-21,,17
Michigan,2020-04-21,1214.0,119
Northwestern,2020-04-22,,17
Michigan,2020-04-22,1214.0,119
Northwestern,2020-04-23,,17
Michigan,2020-04-23,1214.0,119
Michigan,2020-04-24,1214.0,119
Northwestern,2020-04-24,,17
Michigan,2020-04-25,1214.0,119
Northwestern,2020-04-25,,17
Michigan,2020-04-26,1367.0,120
Northwestern,2020-04-26,,17
Michigan,2020-04-27,1367.0,120
Northwestern,2020-04-27,,17
Michigan,2020-04-28,1367.0,120
Northwestern,2020-04-28,,17
Northwestern,2020-04-29,,17
Michigan,2020-04-29,1367.0,120
Michigan,2020-04-30,1367.0,120
Northwestern,2020-04-30,,17
Northwestern,2020-05-01,,18
Michigan,2020-05-01,1367.0,120
Michigan,2020-05-02,1367.0,120
Northwestern,2020-05-02,,18
Northwestern,2020-05-03,,18
Michigan,2020-05-03,1558.0,124
Michigan,2020-05-04,1558.0,124
Northwestern,2020-05-04,,18
Northwestern,2020-05-05,,18
Michigan,2020-05-05,1558.0,124
Northwestern,2020-05-06,,18
Michigan,2020-05-06,1558.0,124
Michigan,2020-05-07,1558.0,124
Northwestern,2020-05-07,,18
Northwestern,2020-05-08,,20
Michigan,2020-05-08,1558.0,124
Northwestern,2020-05-09,,20
Michigan,2020-05-09,1558.0,124
Michigan,2020-05-10,1742.0,125
Northwestern,2020-05-10,,20
Northwestern,2020-05-11,,20
Michigan,2020-05-11,1742.0,125
Michigan,2020-05-12,1742.0,125
Northwestern,2020-05-12,,20
Michigan,2020-05-13,1742.0,125
Northwestern,2020-05-13,,20
Michigan,2020-05-14,1742.0,125
Northwestern,2020-05-14,,20
Michigan,2020-05-15,1742.0,125
Northwestern,2020-05-15,,20
Northwestern,2020-05-16,,20
Michigan,2020-05-16,1742.0,125
Michigan,2020-05-17,1925.0,128
Northwestern,2020-05-17,,20
Michigan,2020-05-18,1925.0,128
Northwestern,2020-05-18,,20
Northwestern,2020-05-19,,20
Michigan,2020-05-19,1925.0,128
Northwestern,2020-05-20,,20
Michigan,2020-05-20,1925.0,128
Michigan,2020-05-21,1925.0,128
Northwestern,2020-05-21,,20
Northwestern,2020-05-22,,20
Michigan,2020-05-22,1925.0,128
Northwestern,2020-05-23,,20
Michigan,2020-05-23,1925.0,128
Northwestern,2020-05-24,,20
Michigan,2020-05-24,2117.0,129
Northwestern,2020-05-25,,20
Michigan,2020-05-25,2117.0,129
Northwestern,2020-05-26,,20
Michigan,2020-05-26,2117.0,129
Northwestern,2020-05-27,,20
Michigan,2020-05-27,2117.0,129
Michigan,2020-05-28,2117.0,129
Northwestern,2020-05-28,,20
Michigan,2020-05-29,2117.0,129
Northwestern,2020-05-29,,22
Michigan,2020-05-30,2117.0,129
Rutgers,2020-05-30,240.0,1
Northwestern,2020-05-30,,22
Michigan,2020-05-31,2429.0,130
Northwestern,2020-05-31,,22
Rutgers,2020-05-31,767.0,3
Northwestern,2020-06-01,,22
Rutgers,2020-06-01,767.0,3
Michigan,2020-06-01,2429.0,130
Rutgers,2020-06-02,767.0,3
Michigan,2020-06-02,2429.0,130
Northwestern,2020-06-02,,22
Michigan,2020-06-03,2429.0,130
Rutgers,2020-06-03,767.0,3
Northwestern,2020-06-03,,22
Michigan,2020-06-04,2429.0,130
Northwestern,2020-06-04,,22
Rutgers,2020-06-04,767.0,3
Northwestern,2020-06-05,,22
Michigan,2020-06-05,2429.0,130
Rutgers,2020-06-05,767.0,3
Michigan,2020-06-06,2429.0,130
Northwestern,2020-06-06,,22
Rutgers,2020-06-06,767.0,3
Northwestern,2020-06-07,,22
Michigan,2020-06-07,2809.0,135
Rutgers,2020-06-07,1388.0,6
Michigan,2020-06-08,2809.0,135
Rutgers,2020-06-08,1388.0,6
Northwestern,2020-06-08,,22
Northwestern,2020-06-09,,22
Rutgers,2020-06-09,1388.0,6
Michigan,2020-06-09,2809.0,135
Northwestern,2020-06-10,,22
Michigan,2020-06-10,2809.0,135
Rutgers,2020-06-10,1388.0,6
Rutgers,2020-06-11,1388.0,6
Northwestern,2020-06-11,,22
Michigan,2020-06-11,2809.0,135
Northwestern,2020-06-12,,26
Michigan,2020-06-12,2809.0,135
Rutgers,2020-06-12,1388.0,6
Michigan,2020-06-13,2809.0,135
Rutgers,2020-06-13,1388.0,6
Northwestern,2020-06-13,,26
Michigan,2020-06-14,3307.0,156
Rutgers,2020-06-14,3820.0,22
Northwestern,2020-06-14,,26
Michigan,2020-06-15,3307.0,156
Rutgers,2020-06-15,3820.0,22
Northwestern,2020-06-15,,26
Michigan,2020-06-16,3307.0,156
Rutgers,2020-06-16,3820.0,22
Northwestern,2020-06-16,,26
Michigan,2020-06-17,3307.0,156
Northwestern,2020-06-17,,26
Rutgers,2020-06-17,3820.0,22
Northwestern,2020-06-18,,26
Rutgers,2020-06-18,3820.0,22
Michigan,2020-06-18,3307.0,156
Michigan,2020-06-19,3307.0,156
Rutgers,2020-06-19,3820.0,22
Northwestern,2020-06-19,,28
Northwestern,2020-06-20,,28
Rutgers,2020-06-20,3820.0,22
Michigan,2020-06-20,3307.0,156
Rutgers,2020-06-21,5934.0,29
Michigan,2020-06-21,3715.0,166
Northwestern,2020-06-21,,28
Northwestern,2020-06-22,,28
Rutgers,2020-06-22,5934.0,29
Michigan,2020-06-22,3715.0,166
Northwestern,2020-06-23,,28
Rutgers,2020-06-23,5934.0,29
Michigan,2020-06-23,3715.0,166
Michigan,2020-06-24,3715.0,166
Northwestern,2020-06-24,,28
Rutgers,2020-06-24,5934.0,29
Michigan,2020-06-25,3715.0,166
Northwestern,2020-06-25,,28
Rutgers,2020-06-25,5934.0,29
Northwestern,2020-06-26,,30
Michigan,2020-06-26,3715.0,166
Rutgers,2020-06-26,5934.0,29
Northwestern,2020-06-27,,30
Michigan,2020-06-27,3715.0,166
Rutgers,2020-06-27,5934.0,29
Michigan,2020-06-28,4221.0,176
Northwestern,2020-06-28,,30
Rutgers,2020-06-28,6871.0,35
Northwestern,2020-06-29,,30
Michigan,2020-06-29,4221.0,176
Rutgers,2020-06-29,6871.0,35
Northwestern,2020-06-30,,30
Michigan,2020-06-30,4221.0,176
Rutgers,2020-06-30,6871.0,35
Northwestern,2020-07-01,,30
Rutgers,2020-07-01,6871.0,35
Michigan,2020-07-01,4221.0,176
Northwestern,2020-07-02,,30
Michigan,2020-07-02,4221.0,176
Rutgers,2020-07-02,6871.0,35
Northwestern,2020-07-03,,32
Rutgers,2020-07-03,6871.0,35
Michigan,2020-07-03,4221.0,176
Northwestern,2020-07-04,,32
Rutgers,2020-07-04,6871.0,35
Michigan,2020-07-04,4221.0,176
Rutgers,2020-07-05,7558.0,36
Northwestern,2020-07-05,,32
Michigan,2020-07-05,4921.0,189
Illinois,2020-07-06,99.0,0
Michigan,2020-07-06,4921.0,189
Northwestern,2020-07-06,,32
Rutgers,2020-07-06,7558.0,36
Illinois,2020-07-07,335.0,0
Northwestern,2020-07-07,,32
Rutgers,2020-07-07,7558.0,36
Michigan,2020-07-07,4921.0,189
Illinois,2020-07-08,933.0,2
Northwestern,2020-07-08,,32
Michigan,2020-07-08,4921.0,189
Rutgers,2020-07-08,7558.0,36
Illinois,2020-07-09,1652.0,3
Michigan,2020-07-09,4921.0,189
Rutgers,2020-07-09,7558.0,36
Northwestern,2020-07-09,,32
Rutgers,2020-07-10,7558.0,36
Illinois,2020-07-10,2382.0,8
Northwestern,2020-07-10,,36
Michigan,2020-07-10,4921.0,189
Michigan,2020-07-11,4921.0,189
Northwestern,2020-07-11,,36
Rutgers,2020-07-11,7558.0,36
Illinois,2020-07-11,2382.0,8
Northwestern,2020-07-12,,36
Illinois,2020-07-12,2382.0,8
Rutgers,2020-07-12,8197.0,38
Michigan,2020-07-12,5627.0,203
Illinois,2020-07-13,3051.0,10
Michigan,2020-07-13,5627.0,203
Northwestern,2020-07-13,,36
Rutgers,2020-07-13,8197.0,38
Illinois,2020-07-14,3679.0,12
Northwestern,2020-07-14,,36
Michigan,2020-07-14,5627.0,203
Rutgers,2020-07-14,8197.0,38
Northwestern,2020-07-15,,36
Michigan,2020-07-15,5627.0,203
Illinois,2020-07-15,4217.0,18
Rutgers,2020-07-15,8197.0,38
Illinois,2020-07-16,4834.0,25
Michigan,2020-07-16,5627.0,203
Northwestern,2020-07-16,,36
Rutgers,2020-07-16,8197.0,38
Illinois,2020-07-17,5559.0,28
Northwestern,2020-07-17,,41
Michigan,2020-07-17,5627.0,203
Rutgers,2020-07-17,8197.0,38
Illinois,2020-07-18,5559.0,28
Rutgers,2020-07-18,8197.0,38
Northwestern,2020-07-18,,41
Michigan,2020-07-18,5627.0,203
Rutgers,2020-07-19,8670.0,47
Northwestern,2020-07-19,,41
Michigan,2020-07-19,6266.0,224
Illinois,2020-07-19,5559.0,28
Rutgers,2020-07-20,8670.0,47
Michigan,2020-07-20,6266.0,224
Illinois,2020-07-20,6399.0,31
Northwestern,2020-07-20,,41
Michigan,2020-07-21,6266.0,224
Rutgers,2020-07-21,8670.0,47
Northwestern,2020-07-21,,41
Illinois,2020-07-21,6906.0,34
Illinois,2020-07-22,7538.0,37
Michigan,2020-07-22,6266.0,224
Northwestern,2020-07-22,,41
Rutgers,2020-07-22,8670.0,47
Michigan,2020-07-23,6266.0,224
Illinois,2020-07-23,8290.0,43
Northwestern,2020-07-23,,41
Rutgers,2020-07-23,8670.0,47
Michigan,2020-07-24,6266.0,224
Northwestern,2020-07-24,,42
Rutgers,2020-07-24,8670.0,47
Illinois,2020-07-24,9128.0,46
Michigan,2020-07-25,6266.0,224
Illinois,2020-07-25,9128.0,46
Rutgers,2020-07-25,8670.0,47
Northwestern,2020-07-25,,42
Michigan,2020-07-26,7165.0,252
Illinois,2020-07-26,9128.0,46
Rutgers,2020-07-26,9776.0,81
Northwestern,2020-07-26,,42
Michigan,2020-07-27,7165.0,252
Illinois,2020-07-27,9963.0,50
Northwestern,2020-07-27,,42
Rutgers,2020-07-27,9776.0,81
Rutgers,2020-07-28,9776.0,81
Illinois,2020-07-28,10704.0,52
Michigan,2020-07-28,7165.0,252
Northwestern,2020-07-28,,42
Northwestern,2020-07-29,,42
Illinois,2020-07-29,11449.0,52
Rutgers,2020-07-29,9776.0,81
Michigan,2020-07-29,7165.0,252
Michigan,2020-07-30,7165.0,252
Northwestern,2020-07-30,,42
Rutgers,2020-07-30,9776.0,81
Illinois,2020-07-30,12185.0,56
Northwestern,2020-07-31,,49
Illinois,2020-07-31,13243.0,57
Michigan,2020-07-31,7165.0,252
Rutgers,2020-07-31,9776.0,81
Northwestern,2020-08-01,,49
Illinois,2020-08-01,13243.0,57
Rutgers,2020-08-01,9776.0,81
Purdue,2020-08-01,2.0,0
Michigan,2020-08-01,7165.0,252
Rutgers,2020-08-02,10895.0,86
Michigan,2020-08-02,8352.0,267
Illinois,2020-08-02,13243.0,57
Michigan State,2020-08-02,177.0,18
Northwestern,2020-08-02,,49
Purdue,2020-08-02,18.0,0
Northwestern,2020-08-03,,49
Purdue,2020-08-03,45.0,0
Illinois,2020-08-03,15139.0,58
Michigan,2020-08-03,8352.0,267
Michigan State,2020-08-03,274.0,28
Rutgers,2020-08-03,10895.0,86
Michigan,2020-08-04,8352.0,267
Illinois,2020-08-04,16898.0,61
Rutgers,2020-08-04,10895.0,86
Michigan State,2020-08-04,274.0,28
Purdue,2020-08-04,340.0,2
Northwestern,2020-08-04,,49
Michigan,2020-08-05,8352.0,267
Purdue,2020-08-05,395.0,3
Rutgers,2020-08-05,10895.0,86
Northwestern,2020-08-05,,49
Illinois,2020-08-05,18303.0,66
Michigan State,2020-08-05,274.0,28
Michigan State,2020-08-06,274.0,28
Northwestern,2020-08-06,,49
Illinois,2020-08-06,20126.0,71
Michigan,2020-08-06,8352.0,267
Rutgers,2020-08-06,10895.0,86
Purdue,2020-08-06,439.0,4
Rutgers,2020-08-07,10895.0,86
Michigan,2020-08-07,8352.0,267
UW-Madison,2020-08-07,40.0,1
Illinois,2020-08-07,22635.0,77
Northwestern,2020-08-07,,50
Purdue,2020-08-07,510.0,4
Michigan State,2020-08-07,274.0,28
Illinois,2020-08-08,22635.0,77
Rutgers,2020-08-08,10895.0,86
UW-Madison,2020-08-08,72.0,2
Michigan,2020-08-08,8352.0,267
Michigan State,2020-08-08,274.0,28
Northwestern,2020-08-08,,50
Purdue,2020-08-08,552.0,4
Rutgers,2020-08-09,13032.0,88
Northwestern,2020-08-09,,50
Michigan,2020-08-09,9512.0,279
Purdue,2020-08-09,592.0,4
Michigan State,2020-08-09,274.0,28
UW-Madison,2020-08-09,74.0,2
Indiana,2020-08-09,76.0,4
Illinois,2020-08-09,22635.0,77
Northwestern,2020-08-10,,50
Illinois,2020-08-10,26745.0,79
Purdue,2020-08-10,674.0,5
Michigan,2020-08-10,9512.0,279
Rutgers,2020-08-10,13032.0,88
Indiana,2020-08-10,174.0,13
Michigan State,2020-08-10,440.0,45
UW-Madison,2020-08-10,74.0,2
Northwestern,2020-08-11,,50
Purdue,2020-08-11,854.0,6
UW-Madison,2020-08-11,149.0,2
Indiana,2020-08-11,174.0,13
Michigan State,2020-08-11,440.0,45
Rutgers,2020-08-11,13032.0,88
Illinois,2020-08-11,30355.0,83
Michigan,2020-08-11,9512.0,279
Northwestern,2020-08-12,,50
Indiana,2020-08-12,174.0,13
Michigan State,2020-08-12,440.0,45
Rutgers,2020-08-12,13032.0,88
Michigan,2020-08-12,9512.0,279
UW-Madison,2020-08-12,208.0,6
Maryland,2020-08-12,336.0,4
Illinois,2020-08-12,32793.0,87
Purdue,2020-08-12,1127.0,6
Penn State,2020-08-13,321.0,0
Nebraska,2020-08-13,7.0,0
Rutgers,2020-08-13,13032.0,88
Illinois,2020-08-13,32793.0,87
Michigan,2020-08-13,9512.0,279
Purdue,2020-08-13,1241.0,8
Ohio State,2020-08-13,0.0,0
Northwestern,2020-08-13,,50
Maryland,2020-08-13,1147.0,6
Indiana,2020-08-13,174.0,13
UW-Madison,2020-08-13,322.0,7
Michigan State,2020-08-13,440.0,45
Michigan,2020-08-14,9512.0,279
Nebraska,2020-08-14,45.0,0
Michigan State,2020-08-14,440.0,45
Indiana,2020-08-14,174.0,13
Illinois,2020-08-14,32793.0,87
Penn State,2020-08-14,615.0,3
Maryland,2020-08-14,1147.0,6
Rutgers,2020-08-14,13032.0,88
Purdue,2020-08-14,1446.0,9
UW-Madison,2020-08-14,579.0,8
Northwestern,2020-08-14,,55
Ohio State,2020-08-14,472.0,6
Indiana,2020-08-15,174.0,13
Penn State,2020-08-15,615.0,3
Illinois,2020-08-15,34429.0,93
Nebraska,2020-08-15,70.0,0
Michigan,2020-08-15,9512.0,279
Michigan State,2020-08-15,440.0,45
Rutgers,2020-08-15,13032.0,88
Maryland,2020-08-15,1147.0,6
UW-Madison,2020-08-15,719.0,11
Purdue,2020-08-15,1580.0,13
Northwestern,2020-08-15,,55
Ohio State,2020-08-15,1622.0,27
Michigan State,2020-08-16,440.0,45
Nebraska,2020-08-16,181.0,1
UW-Madison,2020-08-16,755.0,12
Illinois,2020-08-16,36882.0,100
Purdue,2020-08-16,1677.0,15
Ohio State,2020-08-16,2861.0,50
Rutgers,2020-08-16,15748.0,93
Indiana,2020-08-16,174.0,13
Penn State,2020-08-16,615.0,3
Northwestern,2020-08-16,,55
Michigan,2020-08-16,10644.0,294
Maryland,2020-08-16,1147.0,6
Michigan State,2020-08-17,574.0,55
Illinois,2020-08-17,45946.0,124
Nebraska,2020-08-17,204.0,3
Rutgers,2020-08-17,15748.0,93
Penn State,2020-08-17,615.0,3
Ohio State,2020-08-17,4221.0,65
Purdue,2020-08-17,1894.0,25
Maryland,2020-08-17,1147.0,6
Indiana,2020-08-17,293.0,34
Michigan,2020-08-17,10644.0,294
Northwestern,2020-08-17,,55
UW-Madison,2020-08-17,756.0,12
Michigan,2020-08-18,10644.0,294
Penn State,2020-08-18,615.0,3
Maryland,2020-08-18,1147.0,6
Michigan State,2020-08-18,574.0,55
Ohio State,2020-08-18,5372.0,75
Nebraska,2020-08-18,234.0,4
UW-Madison,2020-08-18,1082.0,17
Northwestern,2020-08-18,,55
Rutgers,2020-08-18,15748.0,93
Indiana,2020-08-18,293.0,34
Illinois,2020-08-18,52108.0,144
Purdue,2020-08-18,2121.0,25
Rutgers,2020-08-19,15748.0,93
Northwestern,2020-08-19,,55
Michigan State,2020-08-19,574.0,55
Michigan,2020-08-19,10644.0,294
Penn State,2020-08-19,615.0,3
Indiana,2020-08-19,293.0,34
Nebraska,2020-08-19,312.0,6
Purdue,2020-08-19,2516.0,29
Maryland,2020-08-19,1147.0,6
Ohio State,2020-08-19,6814.0,81
UW-Madison,2020-08-19,1398.0,18
Illinois,2020-08-19,58408.0,173
Ohio State,2020-08-20,8345.0,89
UW-Madison,2020-08-20,1719.0,18
Rutgers,2020-08-20,15748.0,93
Nebraska,2020-08-20,408.0,12
Northwestern,2020-08-20,,55
Michigan State,2020-08-20,574.0,55
Penn State,2020-08-20,615.0,3
Purdue,2020-08-20,2784.0,38
Maryland,2020-08-20,2557.0,8
Michigan,2020-08-20,10644.0,294
Minnesota,2020-08-20,2408.0,116
Illinois,2020-08-20,69150.0,225
Indiana,2020-08-20,293.0,34
Minnesota,2020-08-21,2590.0,120
Northwestern,2020-08-21,,59
Ohio State,2020-08-21,9789.0,99
Rutgers,2020-08-21,15748.0,93
Illinois,2020-08-21,80027.0,279
Penn State,2020-08-21,4825.0,37
Purdue,2020-08-21,3157.0,52
UW-Madison,2020-08-21,2032.0,21
Michigan,2020-08-21,10644.0,294
Maryland,2020-08-21,3409.0,8
Nebraska,2020-08-21,478.0,19
Michigan State,2020-08-21,574.0,55
Indiana,2020-08-21,293.0,34
Ohio State,2020-08-22,11220.0,111
Rutgers,2020-08-22,15748.0,93
Purdue,2020-08-22,3391.0,56
Maryland,2020-08-22,4173.0,9
Michigan,2020-08-22,10644.0,294
UW-Madison,2020-08-22,2270.0,24
Nebraska,2020-08-22,518.0,26
Illinois,2020-08-22,83353.0,322
Northwestern,2020-08-22,,59
Michigan State,2020-08-22,574.0,55
Minnesota,2020-08-22,2590.0,120
Penn State,2020-08-22,4825.0,37
Indiana,2020-08-22,293.0,34
Nebraska,2020-08-23,529.0,32
Michigan State,2020-08-23,574.0,55
Northwestern,2020-08-23,,59
Minnesota,2020-08-23,2590.0,120
Penn State,2020-08-23,4825.0,37
Michigan,2020-08-23,12946.0,334
Maryland,2020-08-23,4692.0,10
UW-Madison,2020-08-23,2476.0,26
Purdue,2020-08-23,3647.0,67
Illinois,2020-08-23,87827.0,375
Indiana,2020-08-23,293.0,34
Rutgers,2020-08-23,18634.0,95
Ohio State,2020-08-23,11873.0,119
Iowa,2020-08-24,,111
Northwestern,2020-08-24,,59
Michigan State,2020-08-24,797.0,97
Minnesota,2020-08-24,2590.0,120
Rutgers,2020-08-24,18634.0,95
Penn State,2020-08-24,4825.0,37
Illinois,2020-08-24,105483.0,454
Michigan,2020-08-24,12946.0,334
Maryland,2020-08-24,4698.0,10
Purdue,2020-08-24,4227.0,83
Ohio State,2020-08-24,15138.0,207
Indiana,2020-08-24,9369.0,426
UW-Madison,2020-08-24,2476.0,26
Nebraska,2020-08-24,697.0,41
Ohio State,2020-08-25,18308.0,286
UW-Madison,2020-08-25,2994.0,35
Maryland,2020-08-25,4968.0,11
Rutgers,2020-08-25,18634.0,95
Nebraska,2020-08-25,730.0,61
Purdue,2020-08-25,4468.0,90
Northwestern,2020-08-25,,59
Michigan,2020-08-25,12946.0,334
Illinois,2020-08-25,121333.0,543
Iowa,2020-08-25,,618
Penn State,2020-08-25,4825.0,37
Minnesota,2020-08-25,2590.0,120
Indiana,2020-08-25,9369.0,426
Michigan State,2020-08-25,797.0,97
UW-Madison,2020-08-26,4562.0,55
Ohio State,2020-08-26,22549.0,417
Illinois,2020-08-26,128145.0,597
Nebraska,2020-08-26,859.0,93
Maryland,2020-08-26,6287.0,16
Penn State,2020-08-26,4825.0,37
Indiana,2020-08-26,9369.0,426
Michigan,2020-08-26,12946.0,334
Iowa,2020-08-26,,618
Rutgers,2020-08-26,18634.0,95
Purdue,2020-08-26,5079.0,98
Minnesota,2020-08-26,2590.0,120
Northwestern,2020-08-26,,59
Michigan State,2020-08-26,797.0,97
Iowa,2020-08-27,,618
Nebraska,2020-08-27,1038.0,132
Maryland,2020-08-27,7143.0,19
Illinois,2020-08-27,143268.0,657
UW-Madison,2020-08-27,5730.0,62
Ohio State,2020-08-27,24802.0,533
Penn State,2020-08-27,4825.0,37
Northwestern,2020-08-27,,59
Purdue,2020-08-27,5257.0,107
Michigan State,2020-08-27,797.0,97
Minnesota,2020-08-27,2590.0,120
Rutgers,2020-08-27,18634.0,95
Michigan,2020-08-27,12946.0,334
Indiana,2020-08-27,9369.0,426
Indiana,2020-08-28,9369.0,426
Rutgers,2020-08-28,18634.0,95
Northwestern,2020-08-28,,73
Iowa,2020-08-28,,618
Nebraska,2020-08-28,1161.0,165
Minnesota,2020-08-28,2694.0,124
Purdue,2020-08-28,5906.0,133
Michigan,2020-08-28,12946.0,334
Maryland,2020-08-28,7389.0,20
Illinois,2020-08-28,158298.0,722
Penn State,2020-08-28,10118.0,399
Michigan State,2020-08-28,797.0,97
Ohio State,2020-08-28,25080.0,562
UW-Madison,2020-08-28,6666.0,76
Maryland,2020-08-29,9155.0,24
Michigan,2020-08-29,12946.0,334
Iowa,2020-08-29,,618
Purdue,2020-08-29,6112.0,136
Rutgers,2020-08-29,18634.0,95
Illinois,2020-08-29,161193.0,772
UW-Madison,2020-08-29,7880.0,102
Minnesota,2020-08-29,2694.0,124
Michigan State,2020-08-29,797.0,97
Penn State,2020-08-29,10118.0,399
Nebraska,2020-08-29,1335.0,194
Ohio State,2020-08-29,25080.0,562
Indiana,2020-08-29,9369.0,426
Northwestern,2020-08-29,,73
Maryland,2020-08-30,11662.0,24
Indiana,2020-08-30,9369.0,426
UW-Madison,2020-08-30,8861.0,116
Illinois,2020-08-30,164833.0,876
Purdue,2020-08-30,6361.0,140
Michigan,2020-08-30,14950.0,370
Ohio State,2020-08-30,25080.0,562
Michigan State,2020-08-30,797.0,97
Penn State,2020-08-30,10118.0,399
Minnesota,2020-08-30,2694.0,124
Northwestern,2020-08-30,,73
Rutgers,2020-08-30,22117.0,102
Iowa,2020-08-30,,935
Nebraska,2020-08-30,1523.0,223
Michigan,2020-08-31,14950.0,370
Northwestern,2020-08-31,,73
Minnesota,2020-08-31,2694.0,124
Iowa,2020-08-31,,935
UW-Madison,2020-08-31,9711.0,124
Illinois,2020-08-31,182060.0,1106
Maryland,2020-08-31,11962.0,28
Purdue,2020-08-31,7605.0,174
Nebraska,2020-08-31,1613.0,243
Penn State,2020-08-31,10118.0,399
Indiana,2020-08-31,21352.0,1441
Michigan State,2020-08-31,1471.0,547
Ohio State,2020-08-31,29384.0,847
Rutgers,2020-08-31,22117.0,102
Iowa,2020-09-01,,935
Penn State,2020-09-01,10118.0,399
Northwestern,2020-09-01,,73
Minnesota,2020-09-01,2694.0,124
Indiana,2020-09-01,21352.0,1441
Rutgers,2020-09-01,22117.0,102
Michigan State,2020-09-01,1471.0,547
Nebraska,2020-09-01,1760.0,271
Illinois,2020-09-01,196427.0,1305
Maryland,2020-09-01,11962.0,28
UW-Madison,2020-09-01,11372.0,173
Ohio State,2020-09-01,33562.0,1065
Purdue,2020-09-01,8400.0,201
Michigan,2020-09-01,14950.0,370
Rutgers,2020-09-02,22117.0,102
Northwestern,2020-09-02,,73
Minnesota,2020-09-02,2694.0,124
Michigan State,2020-09-02,1471.0,547
Penn State,2020-09-02,10118.0,399
Indiana,2020-09-02,21352.0,1441
Michigan,2020-09-02,14950.0,370
Iowa,2020-09-02,,1589
Illinois,2020-09-02,203516.0,1425
Maryland,2020-09-02,13221.0,37
Nebraska,2020-09-02,1916.0,311
Purdue,2020-09-02,10335.0,219
Ohio State,2020-09-02,37140.0,1252
UW-Madison,2020-09-02,12370.0,207
Michigan State,2020-09-03,1471.0,547
Indiana,2020-09-03,21352.0,1441
Illinois,2020-09-03,218357.0,1513
Northwestern,2020-09-03,,73
Rutgers,2020-09-03,22117.0,102
Penn State,2020-09-03,10118.0,399
UW-Madison,2020-09-03,13457.0,245
Ohio State,2020-09-03,40255.0,1437
Purdue,2020-09-03,11268.0,267
Michigan,2020-09-03,14950.0,370
Minnesota,2020-09-03,2694.0,124
Maryland,2020-09-03,13482.0,93
Iowa,2020-09-03,,1589
Nebraska,2020-09-03,2102.0,351
Minnesota,2020-09-04,2816.0,128
Michigan State,2020-09-04,1471.0,547
Northwestern,2020-09-04,9265.0,73
Nebraska,2020-09-04,2184.0,366
Iowa,2020-09-04,,1589
Maryland,2020-09-04,14922.0,105
Illinois,2020-09-04,232561.0,1617
UW-Madison,2020-09-04,15100.0,337
Purdue,2020-09-04,11924.0,279
Rutgers,2020-09-04,22117.0,102
Penn State,2020-09-04,16579.0,1053
Ohio State,2020-09-04,43167.0,1617
Indiana,2020-09-04,21352.0,1441
Michigan,2020-09-04,14950.0,370
Michigan State,2020-09-05,1471.0,547
Purdue,2020-09-05,12213.0,304
Ohio State,2020-09-05,44186.0,1668
Nebraska,2020-09-05,2198.0,368
Illinois,2020-09-05,235170.0,1654
Rutgers,2020-09-05,22117.0,102
UW-Madison,2020-09-05,17111.0,455
Michigan,2020-09-05,14950.0,370
Minnesota,2020-09-05,2816.0,128
Penn State,2020-09-05,16579.0,1053
Indiana,2020-09-05,21352.0,1441
Iowa,2020-09-05,,1642
Northwestern,2020-09-05,9265.0,73
Maryland,2020-09-05,17296.0,112
Indiana,2020-09-06,21352.0,1441
Northwestern,2020-09-06,9265.0,73
UW-Madison,2020-09-06,19145.0,602
Illinois,2020-09-06,238157.0,1691
Purdue,2020-09-06,12438.0,316
Michigan State,2020-09-06,1471.0,547
Nebraska,2020-09-06,2213.0,375
Maryland,2020-09-06,18580.0,140
Michigan,2020-09-06,17396.0,433
Penn State,2020-09-06,16579.0,1053
Rutgers,2020-09-06,25192.0,116
Iowa,2020-09-06,,1642
Minnesota,2020-09-06,2816.0,128
Ohio State,2020-09-06,44186.0,1668
Nebraska,2020-09-07,2220.0,378
Ohio State,2020-09-07,44186.0,1668
Iowa,2020-09-07,,1642
Penn State,2020-09-07,16579.0,1053
Illinois,2020-09-07,244456.0,1760
UW-Madison,2020-09-07,19239.0,622
Maryland,2020-09-07,18599.0,140
Michigan State,2020-09-07,2215.0,1298
Purdue,2020-09-07,13316.0,336
Northwestern,2020-09-07,9265.0,73
Indiana,2020-09-07,31463.0,2020
Michigan,2020-09-07,17396.0,433
Minnesota,2020-09-07,2816.0,128
Rutgers,2020-09-07,25192.0,116
Northwestern,2020-09-08,9265.0,73
Nebraska,2020-09-08,2872.0,479
Michigan State,2020-09-08,2215.0,1298
Rutgers,2020-09-08,25192.0,116
Maryland,2020-09-08,19055.0,140
Penn State,2020-09-08,16579.0,1053
UW-Madison,2020-09-08,19366.0,647
Ohio State,2020-09-08,48841.0,1888
Iowa,2020-09-08,,1755
Indiana,2020-09-08,31463.0,2020
Michigan,2020-09-08,17396.0,433
Minnesota,2020-09-08,2816.0,128
Purdue,2020-09-08,14293.0,379
Illinois,2020-09-08,256077.0,1841
Minnesota,2020-09-09,2816.0,128
Michigan State,2020-09-09,2215.0,1298
Rutgers,2020-09-09,25192.0,116
Northwestern,2020-09-09,9265.0,92
Maryland,2020-09-09,19224.0,142
Purdue,2020-09-09,15771.0,418
Ohio State,2020-09-09,53460.0,2044
Nebraska,2020-09-09,3007.0,504
Iowa,2020-09-09,,1755
Indiana,2020-09-09,31463.0,2020
Illinois,2020-09-09,268070.0,1888
UW-Madison,2020-09-09,21767.0,937
Penn State,2020-09-09,16579.0,1053
Michigan,2020-09-09,17396.0,433
Illinois,2020-09-10,274696.0,1922
Maryland,2020-09-10,19609.0,170
Indiana,2020-09-10,31463.0,2020
Iowa,2020-09-10,,1831
Northwestern,2020-09-10,9265.0,92
Minnesota,2020-09-10,2816.0,128
Purdue,2020-09-10,16713.0,444
Rutgers,2020-09-10,25192.0,116
Penn State,2020-09-10,16579.0,1053
UW-Madison,2020-09-10,24125.0,1156
Nebraska,2020-09-10,3204.0,530
Michigan,2020-09-10,17396.0,433
Ohio State,2020-09-10,57357.0,2159
Michigan State,2020-09-10,2215.0,1298
Minnesota,2020-09-11,3026.0,147
Northwestern,2020-09-11,13520.0,92
Penn State,2020-09-11,23209.0,1691
Michigan State,2020-09-11,2215.0,1298
Rutgers,2020-09-11,25192.0,116
Michigan,2020-09-11,17396.0,433
Maryland,2020-09-11,19664.0,175
Iowa,2020-09-11,,1831
Nebraska,2020-09-11,3498.0,578
Indiana,2020-09-11,31463.0,2020
UW-Madison,2020-09-11,25067.0,1223
Ohio State,2020-09-11,59385.0,2264
Purdue,2020-09-11,17521.0,470
Illinois,2020-09-11,285949.0,1957
Michigan,2020-09-12,17396.0,433
Indiana,2020-09-12,31463.0,2020
Northwestern,2020-09-12,13520.0,92
Iowa,2020-09-12,,1868
Penn State,2020-09-12,23209.0,1691
Michigan State,2020-09-12,2215.0,1298
Illinois,2020-09-12,289958.0,1967
Minnesota,2020-09-12,3026.0,147
Maryland,2020-09-12,19664.0,175
Rutgers,2020-09-12,25192.0,116
Ohio State,2020-09-12,60735.0,2304
Purdue,2020-09-12,17750.0,481
UW-Madison,2020-09-12,26138.0,1299
Nebraska,2020-09-12,3631.0,593
Ohio State,2020-09-13,60797.0,2305
Northwestern,2020-09-13,13520.0,92
Minnesota,2020-09-13,3026.0,147
Penn State,2020-09-13,23209.0,1691
Iowa,2020-09-13,,1868
Illinois,2020-09-13,294526.0,1984
Nebraska,2020-09-13,3690.0,598
Michigan,2020-09-13,21291.0,556
Michigan State,2020-09-13,2215.0,1298
Indiana,2020-09-13,31463.0,2020
Purdue,2020-09-13,17957.0,489
Maryland,2020-09-13,19693.0,184
UW-Madison,2020-09-13,28330.0,1487
Rutgers,2020-09-13,28764.0,150
Minnesota,2020-09-14,3026.0,147
UW-Madison,2020-09-14,28357.0,1489
Michigan,2020-09-14,21291.0,556
Penn State,2020-09-14,23209.0,1691
Northwestern,2020-09-14,13520.0,92
Rutgers,2020-09-14,28764.0,150
Maryland,2020-09-14,19695.0,186
Michigan State,2020-09-14,3233.0,1729
Illinois,2020-09-14,304740.0,2024
Ohio State,2020-09-14,65375.0,2423
Purdue,2020-09-14,18973.0,513
Iowa,2020-09-14,,1868
Nebraska,2020-09-14,3864.0,623
Indiana,2020-09-14,43697.0,2330
Minnesota,2020-09-15,3026.0,147
Illinois,2020-09-15,315972.0,2069
Michigan,2020-09-15,21291.0,556
Nebraska,2020-09-15,4009.0,639
Maryland,2020-09-15,19695.0,186
UW-Madison,2020-09-15,28749.0,1500
Ohio State,2020-09-15,69387.0,2502
Northwestern,2020-09-15,13520.0,92
Iowa,2020-09-15,,1912
Rutgers,2020-09-15,28764.0,150
Indiana,2020-09-15,43697.0,2330
Penn State,2020-09-15,23209.0,1691
Purdue,2020-09-15,19918.0,545
Michigan State,2020-09-15,3233.0,1729
UW-Madison,2020-09-16,30636.0,1627
Michigan,2020-09-16,21291.0,556
Penn State,2020-09-16,23209.0,1691
Purdue,2020-09-16,21589.0,575
Ohio State,2020-09-16,73077.0,2583
Northwestern,2020-09-16,13520.0,116
Michigan State,2020-09-16,3233.0,1729
Maryland,2020-09-16,19717.0,198
Indiana,2020-09-16,43697.0,2330
Rutgers,2020-09-16,28764.0,150
Minnesota,2020-09-16,3026.0,147
Iowa,2020-09-16,,1912
Nebraska,2020-09-16,4166.0,657
Illinois,2020-09-16,325937.0,2093
Rutgers,2020-09-17,28764.0,150
Nebraska,2020-09-17,4282.0,669
Illinois,2020-09-17,333739.0,2111
Purdue,2020-09-17,22400.0,591
Iowa,2020-09-17,,1945
Northwestern,2020-09-17,13520.0,116
Ohio State,2020-09-17,76098.0,2624
Michigan,2020-09-17,21291.0,556
Minnesota,2020-09-17,3026.0,147
Maryland,2020-09-17,21103.0,213
UW-Madison,2020-09-17,32144.0,1714
Michigan State,2020-09-17,3233.0,1729
Indiana,2020-09-17,43697.0,2330
Penn State,2020-09-17,23209.0,1691
Penn State,2020-09-18,30175.0,2385
Indiana,2020-09-18,43697.0,2330
Minnesota,2020-09-18,3257.0,190
Michigan State,2020-09-18,3233.0,1729
Michigan,2020-09-18,21291.0,556
Ohio State,2020-09-18,77838.0,2673
Northwestern,2020-09-18,15465.0,116
Illinois,2020-09-18,344303.0,2138
Maryland,2020-09-18,22770.0,223
Nebraska,2020-09-18,4411.0,683
UW-Madison,2020-09-18,33689.0,1789
Purdue,2020-09-18,23050.0,617
Iowa,2020-09-18,,1945
Rutgers,2020-09-18,28764.0,150
Michigan,2020-09-19,21291.0,556
Minnesota,2020-09-19,3257.0,190
UW-Madison,2020-09-19,35334.0,1853
Michigan State,2020-09-19,3233.0,1729
Northwestern,2020-09-19,15465.0,116
Penn State,2020-09-19,30175.0,2385
Maryland,2020-09-19,24280.0,236
Rutgers,2020-09-19,28764.0,150
Iowa,2020-09-19,,1982
Illinois,2020-09-19,348436.0,2151
Nebraska,2020-09-19,4515.0,695
Indiana,2020-09-19,43697.0,2330
Ohio State,2020-09-19,78270.0,2676
Purdue,2020-09-19,23268.0,628
Michigan,2020-09-20,25714.0,837
Maryland,2020-09-20,25096.0,245
Ohio State,2020-09-20,78270.0,2676
Northwestern,2020-09-20,15465.0,116
UW-Madison,2020-09-20,36289.0,1899
Illinois,2020-09-20,352819.0,2162
Iowa,2020-09-20,,1982
Michigan State,2020-09-20,3233.0,1729
Nebraska,2020-09-20,4647.0,705
Minnesota,2020-09-20,3257.0,190
Purdue,2020-09-20,23402.0,643
Penn State,2020-09-20,30175.0,2385
Rutgers,2020-09-20,32008.0,228
Indiana,2020-09-20,43697.0,2330
Michigan State,2020-09-21,3721.0,1903
Minnesota,2020-09-21,3257.0,190
Indiana,2020-09-21,55454.0,2524
Michigan,2020-09-21,25714.0,837
Illinois,2020-09-21,363293.0,2204
Iowa,2020-09-21,,1982
Nebraska,2020-09-21,4706.0,710
Purdue,2020-09-21,24162.0,661
UW-Madison,2020-09-21,36299.0,1902
Ohio State,2020-09-21,82378.0,2734
Maryland,2020-09-21,25888.0,248
Northwestern,2020-09-21,17261.0,130
Rutgers,2020-09-21,32008.0,228
Penn State,2020-09-21,30175.0,2385
Iowa,2020-09-22,,2018
Northwestern,2020-09-22,17261.0,130
Purdue,2020-09-22,24987.0,687
Indiana,2020-09-22,55454.0,2524
Penn State,2020-09-22,30175.0,2385
Rutgers,2020-09-22,32008.0,228
Minnesota,2020-09-22,3257.0,190
Illinois,2020-09-22,374323.0,2266
Maryland,2020-09-22,25951.0,252
Nebraska,2020-09-22,4779.0,716
UW-Madison,2020-09-22,36971.0,1915
Michigan State,2020-09-22,3721.0,1903
Ohio State,2020-09-22,86132.0,2788
Michigan,2020-09-22,25714.0,837
Iowa,2020-09-23,,2018
Illinois,2020-09-23,383994.0,2294
Ohio State,2020-09-23,89916.0,2831
Rutgers,2020-09-23,32008.0,228
Indiana,2020-09-23,55454.0,2524
Michigan State,2020-09-23,3721.0,1903
Purdue,2020-09-23,26589.0,741
Michigan,2020-09-23,25714.0,837
Maryland,2020-09-23,26248.0,258
UW-Madison,2020-09-23,38333.0,1947
Penn State,2020-09-23,30175.0,2385
Nebraska,2020-09-23,4837.0,723
Minnesota,2020-09-23,3257.0,190
Northwestern,2020-09-23,17261.0,130
Illinois,2020-09-24,393080.0,2321
UW-Madison,2020-09-24,39607.0,1982
Rutgers,2020-09-24,32008.0,228
Purdue,2020-09-24,27436.0,787
Indiana,2020-09-24,55454.0,2524
Penn State,2020-09-24,30175.0,2385
Nebraska,2020-09-24,4975.0,743
Northwestern,2020-09-24,19378.0,130
Minnesota,2020-09-24,3257.0,190
Ohio State,2020-09-24,93367.0,2869
Iowa,2020-09-24,,2029
Michigan,2020-09-24,25714.0,837
Michigan State,2020-09-24,3721.0,1903
Maryland,2020-09-24,27445.0,273
Michigan State,2020-09-25,3721.0,1903
Maryland,2020-09-25,27844.0,282
Indiana,2020-09-25,55454.0,2524
Penn State,2020-09-25,36832.0,2879
Northwestern,2020-09-25,19378.0,130
Ohio State,2020-09-25,95497.0,2891
Minnesota,2020-09-25,3562.0,242
Michigan,2020-09-25,25714.0,837
Nebraska,2020-09-25,5085.0,756
Illinois,2020-09-25,404170.0,2362
Purdue,2020-09-25,28322.0,805
Iowa,2020-09-25,,2029
UW-Madison,2020-09-25,41265.0,2004
Rutgers,2020-09-25,32008.0,228
Iowa,2020-09-26,,2039
Northwestern,2020-09-26,19378.0,130
Indiana,2020-09-26,55454.0,2524
Maryland,2020-09-26,30879.0,309
UW-Madison,2020-09-26,42136.0,2022
Nebraska,2020-09-26,5219.0,760
Michigan State,2020-09-26,3721.0,1903
Illinois,2020-09-26,408062.0,2379
Michigan,2020-09-26,25714.0,837
Ohio State,2020-09-26,96212.0,2897
Rutgers,2020-09-26,32008.0,228
Minnesota,2020-09-26,3562.0,242
Purdue,2020-09-26,28634.0,839
Penn State,2020-09-26,36832.0,2879
Maryland,2020-09-27,31246.0,321
Northwestern,2020-09-27,19378.0,130
Minnesota,2020-09-27,3562.0,242
Penn State,2020-09-27,36832.0,2879
Iowa,2020-09-27,,2039
Ohio State,2020-09-27,96279.0,2897
Rutgers,2020-09-27,34947.0,295
Indiana,2020-09-27,55454.0,2524
Michigan,2020-09-27,30641.0,981
Illinois,2020-09-27,412470.0,2407
Purdue,2020-09-27,28921.0,862
Michigan State,2020-09-27,3721.0,1903
UW-Madison,2020-09-27,42591.0,2033
Nebraska,2020-09-27,5311.0,769
Illinois,2020-09-28,423206.0,2443
Michigan,2020-09-28,30641.0,981
Michigan State,2020-09-28,4013.0,2005
Purdue,2020-09-28,29680.0,878
Minnesota,2020-09-28,3562.0,242
UW-Madison,2020-09-28,42595.0,2033
Maryland,2020-09-28,31249.0,321
Iowa,2020-09-28,,2039
Nebraska,2020-09-28,5528.0,783
Ohio State,2020-09-28,99864.0,2937
Penn State,2020-09-28,36832.0,2879
Rutgers,2020-09-28,34947.0,295
Indiana,2020-09-28,67428.0,2665
Northwestern,2020-09-28,21626.0,145
Iowa,2020-09-29,,2053
Purdue,2020-09-29,30513.0,900
Rutgers,2020-09-29,34947.0,295
Northwestern,2020-09-29,21626.0,145
Michigan,2020-09-29,30641.0,981
Minnesota,2020-09-29,3562.0,242
Indiana,2020-09-29,67428.0,2665
Michigan State,2020-09-29,4013.0,2005
Maryland,2020-09-29,31256.0,324
UW-Madison,2020-09-29,44573.0,2049
Illinois,2020-09-29,433843.0,2479
Nebraska,2020-09-29,5648.0,790
Penn State,2020-09-29,36832.0,2879
Ohio State,2020-09-29,103626.0,2967
Rutgers,2020-09-30,34947.0,295
Northwestern,2020-09-30,21626.0,145
Ohio State,2020-09-30,107155.0,2987
Minnesota,2020-09-30,3562.0,242
Illinois,2020-09-30,444197.0,2511
UW-Madison,2020-09-30,46325.0,2069
Purdue,2020-09-30,31844.0,924
Indiana,2020-09-30,67428.0,2665
Nebraska,2020-09-30,5767.0,799
Michigan State,2020-09-30,4013.0,2005
Iowa,2020-09-30,,2053
Maryland,2020-09-30,31281.0,327
Penn State,2020-09-30,36832.0,2879
Michigan,2020-09-30,30641.0,981
Michigan State,2020-10-01,4013.0,2005
Penn State,2020-10-01,36832.0,2879
Maryland,2020-10-01,33278.0,340
Ohio State,2020-10-01,110534.0,3016
Nebraska,2020-10-01,6033.0,816
Minnesota,2020-10-01,3562.0,242
UW-Madison,2020-10-01,47772.0,2078
Rutgers,2020-10-01,34947.0,295
Indiana,2020-10-01,67428.0,2665
Purdue,2020-10-01,32870.0,945
Northwestern,2020-10-01,23982.0,145
Illinois,2020-10-01,451774.0,2538
Iowa,2020-10-01,,2059
Michigan,2020-10-01,30641.0,981
Maryland,2020-10-02,33526.0,351
Illinois,2020-10-02,462539.0,2556
Michigan,2020-10-02,30641.0,981
Indiana,2020-10-02,67428.0,2665
Rutgers,2020-10-02,34947.0,295
Purdue,2020-10-02,33746.0,957
Minnesota,2020-10-02,3979.0,270
Iowa,2020-10-02,,2059
Penn State,2020-10-02,43666.0,3320
Michigan State,2020-10-02,4013.0,2005
Nebraska,2020-10-02,6206.0,834
Ohio State,2020-10-02,112661.0,3038
UW-Madison,2020-10-02,48937.0,2088
Northwestern,2020-10-02,23982.0,145
Penn State,2020-10-03,43666.0,3320
Rutgers,2020-10-03,34947.0,295
UW-Madison,2020-10-03,50553.0,2103
Indiana,2020-10-03,67428.0,2665
Maryland,2020-10-03,35238.0,374
Iowa,2020-10-03,,2082
Illinois,2020-10-03,466390.0,2565
Northwestern,2020-10-03,23982.0,145
Ohio State,2020-10-03,112682.0,3049
Nebraska,2020-10-03,6333.0,841
Michigan,2020-10-03,30641.0,981
Purdue,2020-10-03,34089.0,961
Michigan State,2020-10-03,4013.0,2005
Minnesota,2020-10-03,3979.0,270
Nebraska,2020-10-04,6414.0,845
Rutgers,2020-10-04,38585.0,347
Michigan State,2020-10-04,4013.0,2005
Iowa,2020-10-04,,2082
Michigan,2020-10-04,35185.0,1207
Northwestern,2020-10-04,23982.0,145
Maryland,2020-10-04,35814.0,393
Minnesota,2020-10-04,3979.0,270
Ohio State,2020-10-04,113464.0,3050
Purdue,2020-10-04,34405.0,977
Illinois,2020-10-04,470764.0,2569
Penn State,2020-10-04,43666.0,3320
Indiana,2020-10-04,67428.0,2665
UW-Madison,2020-10-04,50858.0,2105
Michigan State,2020-10-05,4368.0,2121
Illinois,2020-10-05,481906.0,2617
Minnesota,2020-10-05,3979.0,270
Rutgers,2020-10-05,38585.0,347
Nebraska,2020-10-05,6577.0,855
Penn State,2020-10-05,43666.0,3320
Indiana,2020-10-05,78877.0,2841
Iowa,2020-10-05,,2082
Michigan,2020-10-05,35185.0,1207
Northwestern,2020-10-05,25502.0,155
UW-Madison,2020-10-05,50859.0,2105
Ohio State,2020-10-05,117272.0,3074
Maryland,2020-10-05,35895.0,396
Purdue,2020-10-05,35190.0,1005
Minnesota,2020-10-06,3979.0,270
Northwestern,2020-10-06,25502.0,155
Penn State,2020-10-06,43666.0,3320
Rutgers,2020-10-06,38585.0,347
Illinois,2020-10-06,492275.0,2642
Iowa,2020-10-06,,2100
Maryland,2020-10-06,35896.0,406
Michigan State,2020-10-06,4368.0,2121
Indiana,2020-10-06,78877.0,2841
Ohio State,2020-10-06,121169.0,3110
Michigan,2020-10-06,35185.0,1207
Nebraska,2020-10-06,6652.0,859
UW-Madison,2020-10-06,52252.0,2115
Purdue,2020-10-06,36101.0,1031
Iowa,2020-10-07,,2100
Purdue,2020-10-07,37634.0,1067
Nebraska,2020-10-07,6768.0,866
Illinois,2020-10-07,502055.0,2663
Ohio State,2020-10-07,124993.0,3147
UW-Madison,2020-10-07,54023.0,2127
Penn State,2020-10-07,43666.0,3320
Northwestern,2020-10-07,25502.0,155
Indiana,2020-10-07,78877.0,2841
Minnesota,2020-10-07,3979.0,270
Maryland,2020-10-07,35908.0,419
Michigan,2020-10-07,35185.0,1207
Michigan State,2020-10-07,4368.0,2121
Rutgers,2020-10-07,38585.0,347
Rutgers,2020-10-08,38585.0,347
Michigan,2020-10-08,35185.0,1207
Minnesota,2020-10-08,3979.0,270
Maryland,2020-10-08,35911.0,427
Ohio State,2020-10-08,128796.0,3173
Penn State,2020-10-08,43666.0,3320
Illinois,2020-10-08,510008.0,2677
Nebraska,2020-10-08,6853.0,872
Purdue,2020-10-08,38695.0,1107
UW-Madison,2020-10-08,56122.0,2144
Indiana,2020-10-08,78877.0,2841
Michigan State,2020-10-08,4368.0,2121
Iowa,2020-10-08,,2116
Northwestern,2020-10-08,28565.0,160
Rutgers,2020-10-09,38585.0,347
Michigan State,2020-10-09,4368.0,2121
Minnesota,2020-10-09,4410.0,308
Michigan,2020-10-09,35185.0,1207
Penn State,2020-10-09,49369.0,3516
Indiana,2020-10-09,78877.0,2841
Northwestern,2020-10-09,28565.0,160
Maryland,2020-10-09,35940.0,441
Iowa,2020-10-09,,2116
UW-Madison,2020-10-09,57845.0,2163
Illinois,2020-10-09,519875.0,2687
Nebraska,2020-10-09,7213.0,893
Ohio State,2020-10-09,131231.0,3190
Purdue,2020-10-09,39701.0,1139
Maryland,2020-10-10,37406.0,448
Indiana,2020-10-10,78877.0,2841
UW-Madison,2020-10-10,59249.0,2177
Ohio State,2020-10-10,131983.0,3194
Minnesota,2020-10-10,4410.0,308
Northwestern,2020-10-10,28565.0,160
Michigan State,2020-10-10,4368.0,2121
Penn State,2020-10-10,49369.0,3516
Purdue,2020-10-10,40065.0,1147
Iowa,2020-10-10,,2128
Nebraska,2020-10-10,7376.0,898
Michigan,2020-10-10,35185.0,1207
Illinois,2020-10-10,523449.0,2698
Rutgers,2020-10-10,38585.0,347
Minnesota,2020-10-11,4410.0,308
Penn State,2020-10-11,49369.0,3516
Purdue,2020-10-11,40324.0,1158
Nebraska,2020-10-11,7531.0,907
Michigan State,2020-10-11,4368.0,2121
Illinois,2020-10-11,527807.0,2706
Ohio State,2020-10-11,132016.0,3194
Rutgers,2020-10-11,42555.0,363
Indiana,2020-10-11,78877.0,2841
Michigan,2020-10-11,41707.0,1605
Maryland,2020-10-11,37744.0,451
Iowa,2020-10-11,,2128
Northwestern,2020-10-11,28565.0,160
UW-Madison,2020-10-11,59762.0,2184
Penn State,2020-10-12,49369.0,3516
Michigan,2020-10-12,41707.0,1605
Northwestern,2020-10-12,29939.0,167
Indiana,2020-10-12,90658.0,2984
Rutgers,2020-10-12,42555.0,363
Purdue,2020-10-12,41164.0,1186
Nebraska,2020-10-12,7722.0,918
Maryland,2020-10-12,37932.0,455
Illinois,2020-10-12,537380.0,2729
Iowa,2020-10-12,,2128
Ohio State,2020-10-12,135891.0,3227
UW-Madison,2020-10-12,60352.0,2199
Minnesota,2020-10-12,4410.0,308
Michigan State,2020-10-12,4782.0,2197
Northwestern,2020-10-13,29939.0,167
Michigan,2020-10-13,41707.0,1605
Rutgers,2020-10-13,42555.0,363
Penn State,2020-10-13,49369.0,3516
Iowa,2020-10-13,,2145
Illinois,2020-10-13,547437.0,2743
Maryland,2020-10-13,37939.0,458
Michigan State,2020-10-13,4782.0,2197
Indiana,2020-10-13,90658.0,2984
Minnesota,2020-10-13,4410.0,308
UW-Madison,2020-10-13,61876.0,2216
Nebraska,2020-10-13,7883.0,925
Purdue,2020-10-13,41986.0,1208
Ohio State,2020-10-13,139780.0,3262
Nebraska,2020-10-14,8205.0,950
UW-Madison,2020-10-14,64071.0,2232
Penn State,2020-10-14,49369.0,3516
Northwestern,2020-10-14,29939.0,167
Minnesota,2020-10-14,4410.0,308
Rutgers,2020-10-14,42555.0,363
Indiana,2020-10-14,90658.0,2984
Michigan State,2020-10-14,4782.0,2197
Iowa,2020-10-14,,2145
Purdue,2020-10-14,43502.0,1244
Ohio State,2020-10-14,143441.0,3298
Michigan,2020-10-14,41707.0,1605
Maryland,2020-10-14,37956.0,471
Illinois,2020-10-14,556769.0,2754
UW-Madison,2020-10-15,65925.0,2252
Northwestern,2020-10-15,33461.0,177
Minnesota,2020-10-15,4410.0,308
Penn State,2020-10-15,49369.0,3516
Purdue,2020-10-15,44519.0,1256
Illinois,2020-10-15,564546.0,2763
Ohio State,2020-10-15,147137.0,3323
Nebraska,2020-10-15,8499.0,961
Rutgers,2020-10-15,42555.0,363
Michigan,2020-10-15,41707.0,1605
Indiana,2020-10-15,90658.0,2984
Maryland,2020-10-15,38064.0,473
Michigan State,2020-10-15,4782.0,2197
Iowa,2020-10-15,,2161
Rutgers,2020-10-16,42555.0,363
Michigan,2020-10-16,41707.0,1605
Northwestern,2020-10-16,33461.0,177
Michigan State,2020-10-16,4782.0,2197
Minnesota,2020-10-16,4734.0,344
Iowa,2020-10-16,,2161
Nebraska,2020-10-16,8722.0,978
UW-Madison,2020-10-16,67589.0,2270
Maryland,2020-10-16,38296.0,477
Ohio State,2020-10-16,149765.0,3342
Penn State,2020-10-16,54768.0,3752
Purdue,2020-10-16,45394.0,1268
Illinois,2020-10-16,574246.0,2772
Indiana,2020-10-16,90658.0,2984
Michigan State,2020-10-17,4782.0,2197
Indiana,2020-10-17,90658.0,2984
Illinois,2020-10-17,577912.0,2774
Minnesota,2020-10-17,4734.0,344
Rutgers,2020-10-17,42555.0,363
Penn State,2020-10-17,54768.0,3752
Iowa,2020-10-17,,2168
Nebraska,2020-10-17,8839.0,991
Ohio State,2020-10-17,150491.0,3347
Michigan,2020-10-17,41707.0,1605
UW-Madison,2020-10-17,68963.0,2282
Maryland,2020-10-17,39673.0,479
Purdue,2020-10-17,45641.0,1276
Northwestern,2020-10-17,33461.0,177
Iowa,2020-10-18,,2168
Minnesota,2020-10-18,4734.0,344
Nebraska,2020-10-18,8948.0,996
Purdue,2020-10-18,45886.0,1295
Northwestern,2020-10-18,33461.0,177
Maryland,2020-10-18,40007.0,482
UW-Madison,2020-10-18,68973.0,2282
Penn State,2020-10-18,54768.0,3752
Indiana,2020-10-18,90658.0,2984
Michigan State,2020-10-18,4782.0,2197
Rutgers,2020-10-18,46725.0,395
Illinois,2020-10-18,582232.0,2780
Michigan,2020-10-18,51483.0,1858
Ohio State,2020-10-18,150491.0,3347
Minnesota,2020-10-19,4734.0,344
Illinois,2020-10-19,592843.0,2798
Maryland,2020-10-19,40014.0,483
Iowa,2020-10-19,,2168
Indiana,2020-10-19,101864.0,3114
Purdue,2020-10-19,46889.0,1336
UW-Madison,2020-10-19,69237.0,2286
Michigan,2020-10-19,51483.0,1858
Nebraska,2020-10-19,9127.0,1011
Penn State,2020-10-19,54768.0,3752
Northwestern,2020-10-19,35680.0,195
Rutgers,2020-10-19,46725.0,395
Michigan State,2020-10-19,5085.0,2220
Ohio State,2020-10-19,153806.0,3383
Iowa,2020-10-20,,2197
Ohio State,2020-10-20,157457.0,3409
Maryland,2020-10-20,40016.0,484
Indiana,2020-10-20,101864.0,3114
Nebraska,2020-10-20,9326.0,1025
Illinois,2020-10-20,602807.0,2816
UW-Madison,2020-10-20,70919.0,2313
Michigan State,2020-10-20,5085.0,2220
Michigan,2020-10-20,51483.0,1858
Rutgers,2020-10-20,46725.0,395
Minnesota,2020-10-20,4734.0,344
Northwestern,2020-10-20,35680.0,195
Penn State,2020-10-20,54768.0,3752
Purdue,2020-10-20,47965.0,1371
Michigan,2020-10-21,51483.0,1858
Rutgers,2020-10-21,46725.0,395
Penn State,2020-10-21,54768.0,3752
Ohio State,2020-10-21,161281.0,3442
Michigan State,2020-10-21,5085.0,2220
Illinois,2020-10-21,612446.0,2836
Iowa,2020-10-21,,2197
Nebraska,2020-10-21,9666.0,1040
Northwestern,2020-10-21,35680.0,195
Maryland,2020-10-21,40021.0,485
UW-Madison,2020-10-21,72891.0,2341
Purdue,2020-10-21,49470.0,1429
Minnesota,2020-10-21,4734.0,344
Indiana,2020-10-21,101864.0,3114
Michigan State,2020-10-22,5085.0,2220
Northwestern,2020-10-22,38907.0,216
Maryland,2020-10-22,40889.0,491
Rutgers,2020-10-22,46725.0,395
UW-Madison,2020-10-22,74292.0,2355
Nebraska,2020-10-22,9816.0,1046
Ohio State,2020-10-22,165506.0,3482
Iowa,2020-10-22,,2218
Minnesota,2020-10-22,4734.0,344
Penn State,2020-10-22,54768.0,3752
Illinois,2020-10-22,621027.0,2859
Purdue,2020-10-22,50536.0,1463
Indiana,2020-10-22,101864.0,3114
Michigan,2020-10-22,51483.0,1858
Michigan State,2020-10-23,5085.0,2220
Indiana,2020-10-23,101864.0,3114
Rutgers,2020-10-23,46725.0,395
Northwestern,2020-10-23,38907.0,216
Michigan,2020-10-23,51483.0,1858
Iowa,2020-10-23,,2218
Ohio State,2020-10-23,168664.0,3517
Purdue,2020-10-23,51287.0,1489
Illinois,2020-10-23,630311.0,2881
Maryland,2020-10-23,40983.0,496
Nebraska,2020-10-23,10072.0,1066
UW-Madison,2020-10-23,75699.0,2365
Indiana,2020-10-24,101864.0,3114
Illinois,2020-10-24,634181.0,2896
Ohio State,2020-10-24,169393.0,3521
Michigan,2020-10-24,51483.0,1858
Iowa,2020-10-24,,2240
Northwestern,2020-10-24,38907.0,216
Purdue,2020-10-24,51567.0,1516
Maryland,2020-10-24,42307.0,500
Rutgers,2020-10-24,46725.0,395
UW-Madison,2020-10-24,77029.0,2383
Michigan State,2020-10-24,5085.0,2220
Nebraska,2020-10-24,10217.0,1085
Michigan,2020-10-25,52919.0,2106
Nebraska,2020-10-25,10262.0,1092
UW-Madison,2020-10-25,77586.0,2394
Illinois,2020-10-25,639116.0,2919
Iowa,2020-10-25,,2240
Ohio State,2020-10-25,169393.0,3521
Indiana,2020-10-25,101864.0,3114
Michigan State,2020-10-25,5085.0,2220
Northwestern,2020-10-25,38907.0,216
Purdue,2020-10-25,51795.0,1524
Maryland,2020-10-25,42543.0,504
Michigan,2020-10-26,52919.0,2106
Ohio State,2020-10-26,173047.0,3559
Maryland,2020-10-26,42559.0,510
Nebraska,2020-10-26,10434.0,1102
Purdue,2020-10-26,52997.0,1578
Iowa,2020-10-26,,2240
Illinois,2020-10-26,650228.0,2993
UW-Madison,2020-10-26,77644.0,2396
Maryland,2020-10-27,42566.0,511
Nebraska,2020-10-27,10763.0,1112
Illinois,2020-10-27,660522.0,3029
UW-Madison,2020-10-27,79474.0,2436
Michigan,2020-10-27,52919.0,2106
Maryland,2020-10-28,42579.0,513
